<?xml version="1.0" encoding="utf-8"?>
<extension type="component" version="3.0" method="upgrade">

	<name>PubDB</name>
	<!-- The following elements are optional and free of formatting constraints -->
	<creationDate>January 2020</creationDate>
	<author>Julian Pfau</author>
	<authorEmail>..@..</authorEmail>
	<authorUrl>http://www.example.org</authorUrl>
	<copyright>Copyright Info</copyright>
	<license>License Info</license>
	<!--  The version string is recorded in the components table -->
	<version>0.0.2</version>
	<!-- The description is optional and defaults to the name -->
	<description>Description of the Hello World component ...</description>

	<update> <!-- Runs on update; New since J2.5 -->
		<schemas>
			<schemapath type="mysql">sql/updates/mysql</schemapath>
		</schemas>
	</update>

	<install> <!-- Runs on install -->
		<sql>
			<file driver="mysql" charset="utf8">sql/install.mysql.utf8.sql</file>
		</sql>
	</install>
	<uninstall> <!-- Runs on uninstall -->
		<sql>
			<file driver="mysql" charset="utf8">sql/uninstall.mysql.utf8.sql</file>
		</sql>
	</uninstall>
	<!-- Site Main File Copy Section -->
	<!-- Note the folder attribute: This attribute describes the folder
		to copy FROM in the package to install therefore files copied
		in this section are copied from /site/ in the package -->
	<!--<files folder="site">
		<filename>index.html</filename>
		<filename>pubdb.php</filename>
		<filename>controller.php</filename>
		<folder>views</folder>
	</files>-->

	<administration>
		<!-- Administration Menu Section -->
		<menu link='index.php?option=com_pubdb'>PubDB</menu>
			<submenu>
				<menu link="option=com_pubdb" view="cpanel"
									alt="Control-Panel">com_pubdb_control_panel</menu>
				<menu link="option=com_pubdb&amp;view=literatures" view="literatures" alt="Literatures">com_pubdb_literatures</menu>
                                <menu link="option=com_pubdb&amp;view=authors" view="authors" alt="Authors">com_pubdb_authors</menu>
                                <menu link="option=com_pubdb&amp;view=people" view="people" alt="People">com_pubdb_people</menu>
            </submenu>
		<!-- Administration Main File Copy Section -->
		<!-- Note the folder attribute: This attribute describes the folder
			to copy FROM in the package to install therefore files copied
			in this section are copied from /admin/ in the package -->
		<files folder="admin">
			<!-- Admin Main File Copy Section -->
			<filename>index.html</filename>
			<filename>pubdb.php</filename>
			<filename>controller.php</filename>
      <folder>controllers</folder>
      <folder>models</folder>
      <folder>tables</folder>
      <folder>views</folder>
      <folder>helpers</folder>
      <folder>language</folder>
      <folder>sql</folder>
		</files>
	</administration>

</extension>
